title,author,author_username,article_date,company,stock_symbol,quote_link,article_link
4 Stocks That Can Hit a $1 Trillion Valuation Next,Sean Williams,TMFUltraLong,"Jul 22, 2020 at 6:06AM","Facebook, Inc. Stock Quote",FB,https://www.fool.com/quote/nasdaq/facebook-inc/fb/,https://www.fool.com/investing/2020/07/22/4-stocks-that-can-hit-a-1-trillion-valuation-next.aspx
4 Stocks That Can Hit a $1 Trillion Valuation Next,Sean Williams,TMFUltraLong,"Jul 22, 2020 at 6:06AM",Berkshire Hathaway Inc. Stock Quote,BRK.A,https://www.fool.com/quote/nyse/berkshire-hathaway-inc/brk.a/,https://www.fool.com/investing/2020/07/22/4-stocks-that-can-hit-a-1-trillion-valuation-next.aspx
4 Stocks That Can Hit a $1 Trillion Valuation Next,Sean Williams,TMFUltraLong,"Jul 22, 2020 at 6:06AM",Berkshire Hathaway Inc. Stock Quote,BRK.B,https://www.fool.com/quote/nyse/berkshire-hathaway-inc/brk.b/,https://www.fool.com/investing/2020/07/22/4-stocks-that-can-hit-a-1-trillion-valuation-next.aspx
4 Stocks That Can Hit a $1 Trillion Valuation Next,Sean Williams,TMFUltraLong,"Jul 22, 2020 at 6:06AM","Tesla, Inc. Stock Quote",TSLA,https://www.fool.com/quote/nasdaq/tesla-inc/tsla/,https://www.fool.com/investing/2020/07/22/4-stocks-that-can-hit-a-1-trillion-valuation-next.aspx
4 Stocks That Can Hit a $1 Trillion Valuation Next,Sean Williams,TMFUltraLong,"Jul 22, 2020 at 6:06AM",Visa Inc. Stock Quote,V,https://www.fool.com/quote/nyse/visa-inc/v/,https://www.fool.com/investing/2020/07/22/4-stocks-that-can-hit-a-1-trillion-valuation-next.aspx
Why NIO Stock Is Down Today,John Rosevear,TMFMarlowe,"Jul 22, 2020 at 11:42AM",NIO Inc. Stock Quote,NIO,https://www.fool.com/quote/nyse/nio-inc/nio/,https://www.fool.com/investing/2020/07/22/why-nio-stock-is-down-today.aspx
AMD Targets OEM Market With New Ryzen Chips,Timothy Green,TMFBargainBin,"Jul 22, 2020 at 8:10AM","Advanced Micro Devices, Inc. Stock Quote",AMD,https://www.fool.com/quote/nasdaq/advanced-micro-devices-inc/amd/,https://www.fool.com/investing/2020/07/22/amd-targets-oem-market-with-new-ryzen-chips.aspx
3 Great Stocks to Invest In With $500 Right Now,Sean Williams,TMFUltraLong,"Jul 22, 2020 at 5:51AM",Bristol Myers Squibb Company Stock Quote,BMY,https://www.fool.com/quote/nyse/bristol-myers-squibb-company/bmy/,https://www.fool.com/investing/2020/07/22/3-great-stocks-to-invest-in-with-500-right-now.aspx
3 Great Stocks to Invest In With $500 Right Now,Sean Williams,TMFUltraLong,"Jul 22, 2020 at 5:51AM",Western Digital Corporation Stock Quote,WDC,https://www.fool.com/quote/nasdaq/western-digital-corporation/wdc/,https://www.fool.com/investing/2020/07/22/3-great-stocks-to-invest-in-with-500-right-now.aspx
3 Great Stocks to Invest In With $500 Right Now,Sean Williams,TMFUltraLong,"Jul 22, 2020 at 5:51AM","Square, Inc. Stock Quote",SQ,https://www.fool.com/quote/nyse/square-inc/sq/,https://www.fool.com/investing/2020/07/22/3-great-stocks-to-invest-in-with-500-right-now.aspx
Is Now a Good Time to Buy Pfizer Stock?,Rachel Warren,TMFRachelW,"Jul 22, 2020 at 9:16AM",Pfizer Inc. Stock Quote,PFE,https://www.fool.com/quote/nyse/pfizer-inc/pfe/,https://www.fool.com/investing/2020/07/22/is-now-a-good-time-to-buy-pfizer-stock.aspx
Is Now a Good Time to Buy Pfizer Stock?,Rachel Warren,TMFRachelW,"Jul 22, 2020 at 9:16AM",GlaxoSmithKline plc Stock Quote,GSK,https://www.fool.com/quote/nyse/glaxosmithkline-plc/gsk/,https://www.fool.com/investing/2020/07/22/is-now-a-good-time-to-buy-pfizer-stock.aspx
Is Now a Good Time to Buy Pfizer Stock?,Rachel Warren,TMFRachelW,"Jul 22, 2020 at 9:16AM",AstraZeneca PLC Stock Quote,AZN,https://www.fool.com/quote/nyse/astrazeneca-plc/azn/,https://www.fool.com/investing/2020/07/22/is-now-a-good-time-to-buy-pfizer-stock.aspx
Is Now a Good Time to Buy Pfizer Stock?,Rachel Warren,TMFRachelW,"Jul 22, 2020 at 9:16AM",Mylan N.V. Stock Quote,MYL,https://www.fool.com/quote/nasdaq/mylan-nv/myl/,https://www.fool.com/investing/2020/07/22/is-now-a-good-time-to-buy-pfizer-stock.aspx
Is Now a Good Time to Buy Pfizer Stock?,Rachel Warren,TMFRachelW,"Jul 22, 2020 at 9:16AM","Novavax, Inc. Stock Quote",NVAX,https://www.fool.com/quote/nasdaq/novavax-inc/nvax/,https://www.fool.com/investing/2020/07/22/is-now-a-good-time-to-buy-pfizer-stock.aspx
Is Now a Good Time to Buy Pfizer Stock?,Rachel Warren,TMFRachelW,"Jul 22, 2020 at 9:16AM","Inovio Pharmaceuticals, Inc. Stock Quote",INO,https://www.fool.com/quote/nasdaq/inovio-pharmaceuticals-inc/ino/,https://www.fool.com/investing/2020/07/22/is-now-a-good-time-to-buy-pfizer-stock.aspx
Is Now a Good Time to Buy Pfizer Stock?,Rachel Warren,TMFRachelW,"Jul 22, 2020 at 9:16AM","Moderna, Inc. Stock Quote",MRNA,https://www.fool.com/quote/nasdaq/moderna-inc/mrna/,https://www.fool.com/investing/2020/07/22/is-now-a-good-time-to-buy-pfizer-stock.aspx
Why FirstEnergy Stock Fell 17% at the Open Today,Reuben Gregg Brewer,TMFReubenGBrewer,"Jul 22, 2020 at 10:14AM",FirstEnergy Corp. Stock Quote,FE,https://www.fool.com/quote/nyse/firstenergy-corp/fe/,https://www.fool.com/investing/2020/07/22/why-firstenergy-stock-fell-17-at-the-open-on-july.aspx
Pfizer and BioNTech Ink Deal with U.S. Government for Big Coronavirus Vaccine Purchase,Prosper Junior Bakiny,TMFPBakiny,"Jul 22, 2020 at 10:44AM",Pfizer Inc. Stock Quote,PFE,https://www.fool.com/quote/nyse/pfizer-inc/pfe/,https://www.fool.com/investing/2020/07/22/pfizer-and-biontech-ink-deal-with-us-government-fo.aspx
Pfizer and BioNTech Ink Deal with U.S. Government for Big Coronavirus Vaccine Purchase,Prosper Junior Bakiny,TMFPBakiny,"Jul 22, 2020 at 10:44AM",BioNTech SE Stock Quote,BNTX,https://www.fool.com/quote/nasdaq/biontech-se/bntx/,https://www.fool.com/investing/2020/07/22/pfizer-and-biontech-ink-deal-with-us-government-fo.aspx
Pfizer and BioNTech Ink Deal with U.S. Government for Big Coronavirus Vaccine Purchase,Prosper Junior Bakiny,TMFPBakiny,"Jul 22, 2020 at 10:44AM","Moderna, Inc. Stock Quote",MRNA,https://www.fool.com/quote/nasdaq/moderna-inc/mrna/,https://www.fool.com/investing/2020/07/22/pfizer-and-biontech-ink-deal-with-us-government-fo.aspx
5 Signs Amazon Could Destroy Estimates Next Week,Jeremy Bowman,TMFHobo,"Jul 23, 2020 at 11:15AM","Amazon.com, Inc. Stock Quote",AMZN,https://www.fool.com/quote/nasdaq/amazoncom-inc/amzn/,https://www.fool.com/investing/2020/07/23/5-signs-amazon-could-destroy-estimates-next-week.aspx
5 Signs Amazon Could Destroy Estimates Next Week,Jeremy Bowman,TMFHobo,"Jul 23, 2020 at 11:15AM","Wal-Mart Stores, Inc. Stock Quote",WMT,https://www.fool.com/quote/nyse/wal-mart-stores-inc/wmt/,https://www.fool.com/investing/2020/07/23/5-signs-amazon-could-destroy-estimates-next-week.aspx
5 Signs Amazon Could Destroy Estimates Next Week,Jeremy Bowman,TMFHobo,"Jul 23, 2020 at 11:15AM",Target Corporation Stock Quote,TGT,https://www.fool.com/quote/nyse/target-corporation/tgt/,https://www.fool.com/investing/2020/07/23/5-signs-amazon-could-destroy-estimates-next-week.aspx
5 Signs Amazon Could Destroy Estimates Next Week,Jeremy Bowman,TMFHobo,"Jul 23, 2020 at 11:15AM","Netflix, Inc. Stock Quote",NFLX,https://www.fool.com/quote/nasdaq/netflix-inc/nflx/,https://www.fool.com/investing/2020/07/23/5-signs-amazon-could-destroy-estimates-next-week.aspx
5 Signs Amazon Could Destroy Estimates Next Week,Jeremy Bowman,TMFHobo,"Jul 23, 2020 at 11:15AM",Costco Wholesale Corporation Stock Quote,COST,https://www.fool.com/quote/nasdaq/costco-wholesale-corporation/cost/,https://www.fool.com/investing/2020/07/23/5-signs-amazon-could-destroy-estimates-next-week.aspx
5 Signs Amazon Could Destroy Estimates Next Week,Jeremy Bowman,TMFHobo,"Jul 23, 2020 at 11:15AM",Microsoft Corporation Stock Quote,MSFT,https://www.fool.com/quote/nasdaq/microsoft-corporation/msft/,https://www.fool.com/investing/2020/07/23/5-signs-amazon-could-destroy-estimates-next-week.aspx
5 Signs Amazon Could Destroy Estimates Next Week,Jeremy Bowman,TMFHobo,"Jul 23, 2020 at 11:15AM","Best Buy Co., Inc. Stock Quote",BBY,https://www.fool.com/quote/nyse/best-buy-co-inc/bby/,https://www.fool.com/investing/2020/07/23/5-signs-amazon-could-destroy-estimates-next-week.aspx
5 Signs Amazon Could Destroy Estimates Next Week,Jeremy Bowman,TMFHobo,"Jul 23, 2020 at 11:15AM",International Business Machines Corporation Stock Quote,IBM,https://www.fool.com/quote/nyse/international-business-machines-corporation/ibm/,https://www.fool.com/investing/2020/07/23/5-signs-amazon-could-destroy-estimates-next-week.aspx
Why Tesla Stock Jumped 6.1% Thursday Before Pulling Back,Daniel Sparks,TMFDanielSparks,"Jul 23, 2020 at 11:01AM","Tesla, Inc. Stock Quote",TSLA,https://www.fool.com/quote/nasdaq/tesla-inc/tsla/,https://www.fool.com/investing/2020/07/23/why-tesla-stock-jumped-61-thursday-before-pulling.aspx
Warren Buffett Just Spent Another $800 Million on This Bank Stock,"Matthew Frankel, CFP",TMFMathGuy,"Jul 23, 2020 at 9:41AM",Bank of America Corporation Stock Quote,BAC,https://www.fool.com/quote/nyse/bank-of-america-corporation/bac/,https://www.fool.com/investing/2020/07/23/warren-buffett-just-spent-another-800-million-on-t.aspx
Warren Buffett Just Spent Another $800 Million on This Bank Stock,"Matthew Frankel, CFP",TMFMathGuy,"Jul 23, 2020 at 9:41AM",Berkshire Hathaway Inc. Stock Quote,BRK.A,https://www.fool.com/quote/nyse/berkshire-hathaway-inc/brk.a/,https://www.fool.com/investing/2020/07/23/warren-buffett-just-spent-another-800-million-on-t.aspx
Warren Buffett Just Spent Another $800 Million on This Bank Stock,"Matthew Frankel, CFP",TMFMathGuy,"Jul 23, 2020 at 9:41AM",Berkshire Hathaway Inc. Stock Quote,BRK.B,https://www.fool.com/quote/nyse/berkshire-hathaway-inc/brk.b/,https://www.fool.com/investing/2020/07/23/warren-buffett-just-spent-another-800-million-on-t.aspx
Warren Buffett Just Spent Another $800 Million on This Bank Stock,"Matthew Frankel, CFP",TMFMathGuy,"Jul 23, 2020 at 9:41AM",JPMorgan Chase & Co. Stock Quote,JPM,https://www.fool.com/quote/nyse/jpmorgan-chase-co/jpm/,https://www.fool.com/investing/2020/07/23/warren-buffett-just-spent-another-800-million-on-t.aspx
Warren Buffett Just Spent Another $800 Million on This Bank Stock,"Matthew Frankel, CFP",TMFMathGuy,"Jul 23, 2020 at 9:41AM",Wells Fargo & Company Stock Quote,WFC,https://www.fool.com/quote/nyse/wells-fargo-company/wfc/,https://www.fool.com/investing/2020/07/23/warren-buffett-just-spent-another-800-million-on-t.aspx
Warren Buffett Just Spent Another $800 Million on This Bank Stock,"Matthew Frankel, CFP",TMFMathGuy,"Jul 23, 2020 at 9:41AM","The PNC Financial Services Group, Inc. Stock Quote",PNC,https://www.fool.com/quote/nyse/the-pnc-financial-services-group-inc/pnc/,https://www.fool.com/investing/2020/07/23/warren-buffett-just-spent-another-800-million-on-t.aspx
Warren Buffett Just Spent Another $800 Million on This Bank Stock,"Matthew Frankel, CFP",TMFMathGuy,"Jul 23, 2020 at 9:41AM","Dominion Resources, Inc. Stock Quote",D,https://www.fool.com/quote/nyse/dominion-resources-inc/d/,https://www.fool.com/investing/2020/07/23/warren-buffett-just-spent-another-800-million-on-t.aspx
Better Coronavirus Stock: AstraZeneca vs. Moderna,Keith Speights,TMFFishBiz,"Jul 23, 2020 at 7:02AM",AstraZeneca PLC Stock Quote,AZN,https://www.fool.com/quote/nyse/astrazeneca-plc/azn/,https://www.fool.com/investing/2020/07/23/better-coronavirus-stock-astrazeneca-vs-moderna.aspx
Better Coronavirus Stock: AstraZeneca vs. Moderna,Keith Speights,TMFFishBiz,"Jul 23, 2020 at 7:02AM","Moderna, Inc. Stock Quote",MRNA,https://www.fool.com/quote/nasdaq/moderna-inc/mrna/,https://www.fool.com/investing/2020/07/23/better-coronavirus-stock-astrazeneca-vs-moderna.aspx
"Will Carnival, Royal Caribbean, and Norwegian Cruise Line Sail Again Before 2021?",Rick Munarriz,TMFBreakerRick,"Jul 23, 2020 at 9:30AM",Royal Caribbean Cruises Ltd. Stock Quote,RCL,https://www.fool.com/quote/nyse/royal-caribbean-cruises-ltd/rcl/,https://www.fool.com/investing/2020/07/23/will-carnival-royal-caribbean-and-norwegian-cruise.aspx
"Will Carnival, Royal Caribbean, and Norwegian Cruise Line Sail Again Before 2021?",Rick Munarriz,TMFBreakerRick,"Jul 23, 2020 at 9:30AM",Carnival Corporation Stock Quote,CCL,https://www.fool.com/quote/nyse/carnival-corporation/ccl/,https://www.fool.com/investing/2020/07/23/will-carnival-royal-caribbean-and-norwegian-cruise.aspx
"Will Carnival, Royal Caribbean, and Norwegian Cruise Line Sail Again Before 2021?",Rick Munarriz,TMFBreakerRick,"Jul 23, 2020 at 9:30AM",Carnival Corporation Stock Quote,CUK,https://www.fool.com/quote/nyse/carnival-corporation/cuk/,https://www.fool.com/investing/2020/07/23/will-carnival-royal-caribbean-and-norwegian-cruise.aspx
"Will Carnival, Royal Caribbean, and Norwegian Cruise Line Sail Again Before 2021?",Rick Munarriz,TMFBreakerRick,"Jul 23, 2020 at 9:30AM",Norwegian Cruise Line Holdings Ltd. Stock Quote,NCLH,https://www.fool.com/quote/nasdaq/norwegian-cruise-line-holdings-ltd/nclh/,https://www.fool.com/investing/2020/07/23/will-carnival-royal-caribbean-and-norwegian-cruise.aspx
3 Robinhood Stocks Even Warren Buffett Loves,Sean Williams,TMFUltraLong,"Jul 23, 2020 at 6:06AM",Apple Inc. Stock Quote,AAPL,https://www.fool.com/quote/nasdaq/apple-inc/aapl/,https://www.fool.com/investing/2020/07/23/3-robinhood-stocks-even-warren-buffett-loves.aspx
3 Robinhood Stocks Even Warren Buffett Loves,Sean Williams,TMFUltraLong,"Jul 23, 2020 at 6:06AM",Bank of America Corporation Stock Quote,BAC,https://www.fool.com/quote/nyse/bank-of-america-corporation/bac/,https://www.fool.com/investing/2020/07/23/3-robinhood-stocks-even-warren-buffett-loves.aspx
3 Robinhood Stocks Even Warren Buffett Loves,Sean Williams,TMFUltraLong,"Jul 23, 2020 at 6:06AM","Amazon.com, Inc. Stock Quote",AMZN,https://www.fool.com/quote/nasdaq/amazoncom-inc/amzn/,https://www.fool.com/investing/2020/07/23/3-robinhood-stocks-even-warren-buffett-loves.aspx
3 Robinhood Stocks Even Warren Buffett Loves,Sean Williams,TMFUltraLong,"Jul 23, 2020 at 6:06AM",Berkshire Hathaway Inc. Stock Quote,BRK.A,https://www.fool.com/quote/nyse/berkshire-hathaway-inc/brk.a/,https://www.fool.com/investing/2020/07/23/3-robinhood-stocks-even-warren-buffett-loves.aspx
3 Robinhood Stocks Even Warren Buffett Loves,Sean Williams,TMFUltraLong,"Jul 23, 2020 at 6:06AM",Berkshire Hathaway Inc. Stock Quote,BRK.B,https://www.fool.com/quote/nyse/berkshire-hathaway-inc/brk.b/,https://www.fool.com/investing/2020/07/23/3-robinhood-stocks-even-warren-buffett-loves.aspx
The Reason I Haven’t Bought Tesla Stock,Travis Hoium,TMFFlushDraw,"Jul 23, 2020 at 7:26AM","Tesla, Inc. Stock Quote",TSLA,https://www.fool.com/quote/nasdaq/tesla-inc/tsla/,https://www.fool.com/investing/2020/07/23/the-reason-i-havent-bought-tesla-stock.aspx
The Reason I Haven’t Bought Tesla Stock,Travis Hoium,TMFFlushDraw,"Jul 23, 2020 at 7:26AM",General Motors Company Stock Quote,GM,https://www.fool.com/quote/nyse/general-motors-company/gm/,https://www.fool.com/investing/2020/07/23/the-reason-i-havent-bought-tesla-stock.aspx
The Reason I Haven’t Bought Tesla Stock,Travis Hoium,TMFFlushDraw,"Jul 23, 2020 at 7:26AM","Uber Technologies, Inc. Stock Quote",UBER,https://www.fool.com/quote/nyse/uber-technologies-inc/uber/,https://www.fool.com/investing/2020/07/23/the-reason-i-havent-bought-tesla-stock.aspx
The Reason I Haven’t Bought Tesla Stock,Travis Hoium,TMFFlushDraw,"Jul 23, 2020 at 7:26AM","Lyft, Inc. Stock Quote",LYFT,https://www.fool.com/quote/nasdaq/lyft-inc/lyft/,https://www.fool.com/investing/2020/07/23/the-reason-i-havent-bought-tesla-stock.aspx
United Airlines Earnings: Managing Well in a Historic Downturn,Adam Levine-Weinberg,TMFGemHunter,"Jul 23, 2020 at 8:21AM","United Airlines Holdings, Inc. Stock Quote",UAL,https://www.fool.com/quote/nasdaq/united-airlines-holdings-inc/ual/,https://www.fool.com/investing/2020/07/23/united-airlines-earnings-managing-well-in-an-histo.aspx
United Airlines Earnings: Managing Well in a Historic Downturn,Adam Levine-Weinberg,TMFGemHunter,"Jul 23, 2020 at 8:21AM","Delta Air Lines, Inc. Stock Quote",DAL,https://www.fool.com/quote/nyse/delta-air-lines-inc/dal/,https://www.fool.com/investing/2020/07/23/united-airlines-earnings-managing-well-in-an-histo.aspx
These 3 Dividend Aristocrats Are Screaming Buys,Sean Williams,TMFUltraLong,"Jul 23, 2020 at 5:51AM",AT&T Inc. Stock Quote,T,https://www.fool.com/quote/nyse/att-inc/t/,https://www.fool.com/investing/2020/07/23/these-3-dividend-aristocrats-are-screaming-buys.aspx
These 3 Dividend Aristocrats Are Screaming Buys,Sean Williams,TMFUltraLong,"Jul 23, 2020 at 5:51AM",Exxon Mobil Corporation Stock Quote,XOM,https://www.fool.com/quote/nyse/exxon-mobil-corporation/xom/,https://www.fool.com/investing/2020/07/23/these-3-dividend-aristocrats-are-screaming-buys.aspx
These 3 Dividend Aristocrats Are Screaming Buys,Sean Williams,TMFUltraLong,"Jul 23, 2020 at 5:51AM","Walgreens Boots Alliance, Inc. Stock Quote",WBA,https://www.fool.com/quote/nasdaq/walgreens-boots-alliance-inc/wba/,https://www.fool.com/investing/2020/07/23/these-3-dividend-aristocrats-are-screaming-buys.aspx
"Got $10,000? Here Are 4 Unstoppable Stocks to Buy Now",Sean Williams,TMFUltraLong,"Jul 24, 2020 at 5:51AM","Amazon.com, Inc. Stock Quote",AMZN,https://www.fool.com/quote/nasdaq/amazoncom-inc/amzn/,https://www.fool.com/investing/2020/07/24/got-10000-here-are-4-unstoppable-stocks-to-buy-now.aspx
"Got $10,000? Here Are 4 Unstoppable Stocks to Buy Now",Sean Williams,TMFUltraLong,"Jul 24, 2020 at 5:51AM","Square, Inc. Stock Quote",SQ,https://www.fool.com/quote/nyse/square-inc/sq/,https://www.fool.com/investing/2020/07/24/got-10000-here-are-4-unstoppable-stocks-to-buy-now.aspx
"Got $10,000? Here Are 4 Unstoppable Stocks to Buy Now",Sean Williams,TMFUltraLong,"Jul 24, 2020 at 5:51AM","Livongo Health, Inc. Stock Quote",LVGO,https://www.fool.com/quote/nasdaq/livongo-health-inc/lvgo/,https://www.fool.com/investing/2020/07/24/got-10000-here-are-4-unstoppable-stocks-to-buy-now.aspx
"Got $10,000? Here Are 4 Unstoppable Stocks to Buy Now",Sean Williams,TMFUltraLong,"Jul 24, 2020 at 5:51AM",Ping Identity Holding Corp. Stock Quote,PING,https://www.fool.com/quote/nyse/ping-identity-holding-corp/ping/,https://www.fool.com/investing/2020/07/24/got-10000-here-are-4-unstoppable-stocks-to-buy-now.aspx
"Investing $1,500 in These 3 Top Stocks Would Be a Brilliant Move",Danny Vena,TMFLifeIsGood,"Jul 24, 2020 at 6:03AM",NVIDIA Corporation Stock Quote,NVDA,https://www.fool.com/quote/nasdaq/nvidia-corporation/nvda/,https://www.fool.com/investing/2020/07/24/investing-1500-in-these-3-top-stocks-would-be-a-br.aspx
"Investing $1,500 in These 3 Top Stocks Would Be a Brilliant Move",Danny Vena,TMFLifeIsGood,"Jul 24, 2020 at 6:03AM","Teladoc, Inc. Stock Quote",TDOC,https://www.fool.com/quote/nyse/teladoc-inc/tdoc/,https://www.fool.com/investing/2020/07/24/investing-1500-in-these-3-top-stocks-would-be-a-br.aspx
"Investing $1,500 in These 3 Top Stocks Would Be a Brilliant Move",Danny Vena,TMFLifeIsGood,"Jul 24, 2020 at 6:03AM",Pinterest Stock Quote,PINS,https://www.fool.com/quote/nyse/pinterest/pins/,https://www.fool.com/investing/2020/07/24/investing-1500-in-these-3-top-stocks-would-be-a-br.aspx
"Investing $1,500 in These 3 Top Stocks Would Be a Brilliant Move",Danny Vena,TMFLifeIsGood,"Jul 24, 2020 at 6:03AM","Facebook, Inc. Stock Quote",FB,https://www.fool.com/quote/nasdaq/facebook-inc/fb/,https://www.fool.com/investing/2020/07/24/investing-1500-in-these-3-top-stocks-would-be-a-br.aspx
"Investing $1,500 in These 3 Top Stocks Would Be a Brilliant Move",Danny Vena,TMFLifeIsGood,"Jul 24, 2020 at 6:03AM",Microsoft Corporation Stock Quote,MSFT,https://www.fool.com/quote/nasdaq/microsoft-corporation/msft/,https://www.fool.com/investing/2020/07/24/investing-1500-in-these-3-top-stocks-would-be-a-br.aspx
"Investing $1,500 in These 3 Top Stocks Would Be a Brilliant Move",Danny Vena,TMFLifeIsGood,"Jul 24, 2020 at 6:03AM",Alphabet Inc. Stock Quote,GOOGL,https://www.fool.com/quote/nasdaq/alphabet-inc/googl/,https://www.fool.com/investing/2020/07/24/investing-1500-in-these-3-top-stocks-would-be-a-br.aspx
"Investing $1,500 in These 3 Top Stocks Would Be a Brilliant Move",Danny Vena,TMFLifeIsGood,"Jul 24, 2020 at 6:03AM","Amazon.com, Inc. Stock Quote",AMZN,https://www.fool.com/quote/nasdaq/amazoncom-inc/amzn/,https://www.fool.com/investing/2020/07/24/investing-1500-in-these-3-top-stocks-would-be-a-br.aspx
"Investing $1,500 in These 3 Top Stocks Would Be a Brilliant Move",Danny Vena,TMFLifeIsGood,"Jul 24, 2020 at 6:03AM",Alphabet Inc. Stock Quote,GOOG,https://www.fool.com/quote/nasdaq/alphabet-inc/goog/,https://www.fool.com/investing/2020/07/24/investing-1500-in-these-3-top-stocks-would-be-a-br.aspx
The 4 Biggest Dividend Payouts on Wall Street,Sean Williams,TMFUltraLong,"Jul 24, 2020 at 7:21AM",Apple Inc. Stock Quote,AAPL,https://www.fool.com/quote/nasdaq/apple-inc/aapl/,https://www.fool.com/investing/2020/07/24/the-4-biggest-dividend-payouts-on-wall-street.aspx
The 4 Biggest Dividend Payouts on Wall Street,Sean Williams,TMFUltraLong,"Jul 24, 2020 at 7:21AM",AT&T Inc. Stock Quote,T,https://www.fool.com/quote/nyse/att-inc/t/,https://www.fool.com/investing/2020/07/24/the-4-biggest-dividend-payouts-on-wall-street.aspx
The 4 Biggest Dividend Payouts on Wall Street,Sean Williams,TMFUltraLong,"Jul 24, 2020 at 7:21AM",Microsoft Corporation Stock Quote,MSFT,https://www.fool.com/quote/nasdaq/microsoft-corporation/msft/,https://www.fool.com/investing/2020/07/24/the-4-biggest-dividend-payouts-on-wall-street.aspx
The 4 Biggest Dividend Payouts on Wall Street,Sean Williams,TMFUltraLong,"Jul 24, 2020 at 7:21AM",Exxon Mobil Corporation Stock Quote,XOM,https://www.fool.com/quote/nyse/exxon-mobil-corporation/xom/,https://www.fool.com/investing/2020/07/24/the-4-biggest-dividend-payouts-on-wall-street.aspx
Better Coronavirus Stock: Sorrento Therapeutics vs. Vaxart,Keith Speights,TMFFishBiz,"Jul 24, 2020 at 7:02AM","Sorrento Therapeutics, Inc. Stock Quote",SRNE,https://www.fool.com/quote/nasdaq/sorrento-therapeutics-inc/srne/,https://www.fool.com/investing/2020/07/24/better-coronavirus-stock-sorrento-therapeutics-vs.aspx
Better Coronavirus Stock: Sorrento Therapeutics vs. Vaxart,Keith Speights,TMFFishBiz,"Jul 24, 2020 at 7:02AM","Vaxart, Inc. Stock Quote",VXRT,https://www.fool.com/quote/nasdaq/vaxart-inc/vxrt/,https://www.fool.com/investing/2020/07/24/better-coronavirus-stock-sorrento-therapeutics-vs.aspx
Better Coronavirus Stock: Sorrento Therapeutics vs. Vaxart,Keith Speights,TMFFishBiz,"Jul 24, 2020 at 7:02AM",Johnson & Johnson Stock Quote,JNJ,https://www.fool.com/quote/nyse/johnson-johnson/jnj/,https://www.fool.com/investing/2020/07/24/better-coronavirus-stock-sorrento-therapeutics-vs.aspx
Hydrogen Stocks Are Hot -- Here's What to Buy Now,Travis Hoium,TMFFlushDraw,"Jul 24, 2020 at 7:30AM",Plug Power Inc. Stock Quote,PLUG,https://www.fool.com/quote/nasdaq/plug-power-inc/plug/,https://www.fool.com/investing/2020/07/24/hydrogen-stocks-are-hot-heres-what-to-buy-now.aspx
Hydrogen Stocks Are Hot -- Here's What to Buy Now,Travis Hoium,TMFFlushDraw,"Jul 24, 2020 at 7:30AM",Ballard Power Systems Inc. Stock Quote,BLDP,https://www.fool.com/quote/nasdaq/ballard-power-systems-inc/bldp/,https://www.fool.com/investing/2020/07/24/hydrogen-stocks-are-hot-heres-what-to-buy-now.aspx
Hydrogen Stocks Are Hot -- Here's What to Buy Now,Travis Hoium,TMFFlushDraw,"Jul 24, 2020 at 7:30AM",Bloom Energy Corporation Stock Quote,BE,https://www.fool.com/quote/nyse/bloom-energy-corporation/be/,https://www.fool.com/investing/2020/07/24/hydrogen-stocks-are-hot-heres-what-to-buy-now.aspx
Why Tesla Belongs in the Dow Jones Industrials,Dan Caplinger,TMFGalagan,"Jul 24, 2020 at 6:21AM","Tesla, Inc. Stock Quote",TSLA,https://www.fool.com/quote/nasdaq/tesla-inc/tsla/,https://www.fool.com/investing/2020/07/24/why-tesla-belongs-in-the-dow-jones-industrials.aspx
Why Tesla Belongs in the Dow Jones Industrials,Dan Caplinger,TMFGalagan,"Jul 24, 2020 at 6:21AM",Dow Jones Industrial Average (Price Return) Stock Quote,^DJI,https://www.fool.com/quote/djindices/dow-jones-industrial-average-price-return/%5edji/,https://www.fool.com/investing/2020/07/24/why-tesla-belongs-in-the-dow-jones-industrials.aspx
Why Tesla Belongs in the Dow Jones Industrials,Dan Caplinger,TMFGalagan,"Jul 24, 2020 at 6:21AM",S&P 500 Price Return Stock Quote,^SPX,https://www.fool.com/quote/snpindex/sp-500-price-return/%5espx/,https://www.fool.com/investing/2020/07/24/why-tesla-belongs-in-the-dow-jones-industrials.aspx
Why Tesla Belongs in the Dow Jones Industrials,Dan Caplinger,TMFGalagan,"Jul 24, 2020 at 6:21AM",Apple Inc. Stock Quote,AAPL,https://www.fool.com/quote/nasdaq/apple-inc/aapl/,https://www.fool.com/investing/2020/07/24/why-tesla-belongs-in-the-dow-jones-industrials.aspx
Why Tesla Belongs in the Dow Jones Industrials,Dan Caplinger,TMFGalagan,"Jul 24, 2020 at 6:21AM",General Motors Company Stock Quote,GM,https://www.fool.com/quote/nyse/general-motors-company/gm/,https://www.fool.com/investing/2020/07/24/why-tesla-belongs-in-the-dow-jones-industrials.aspx
